epoch,step,val_loss
0,6,1.7458962202072144
1,13,1.7712160348892212
