{
    "accuracy": {
        "cable_flyes": 0.89,
        "incline_benchpress": 0.9,
        "machine_pulldown": 0.69,
        "pullup": 1.0,
        "romanian_deadlift": 1.0,
        "squats": 0.9
    },
    "loss_curve": [
        1.73218,
        1.66295,
        1.49288,
        1.43411,
        1.3291,
        1.32063,
        1.26513,
        1.2442,
        1.21922,
        1.12803,
        1.18013,
        1.14193,
        1.06347,
        1.12055,
        1.0417,
        1.04317,
        1.03495,
        1.00791,
        1.10979,
        1.06052,
        0.97015,
        0.99482,
        1.00938,
        1.00734
    ],
    "dataset_distribution": {
        "cable_flyes": 75,
        "incline_benchpress": 75,
        "machine_pulldown": 75,
        "pullup": 75,
        "romanian_deadlift": 75,
        "squats": 75
    }
}